"0","# Tokenization"
"0","tokenizer <- text_tokenizer(num_words = 5000)"
"0","tokenizer %>% fit_text_tokenizer(claims_clean$text_clean)"
"0",""
"0","# Convert text to sequences"
"0","sequences <- texts_to_sequences(tokenizer, claims_clean$text_clean)"
"0","# Set sequence length"
"0","maxlen <- 1000"
"0","# Set equal length"
"0","same_len_data <- pad_sequences(sequences, maxlen = maxlen)"
"0","claims_clean <- claims_clean %>% "
"0","  mutate(sequences = same_len_data)"
"0",""
"0","# Encode binary label"
"0","claims_clean <- claims_clean %>% "
"0","  mutate(y_binary = to_categorical(as.numeric(as.factor(claims_clean$bclass))-1))"
"0","# Encode multiclass label"
"0","claims_clean <- claims_clean %>% "
"0","  mutate(y_multiclass = to_categorical(as.numeric(as.factor(claims_clean$mclass))-1))"
"0",""
"0","# Train-test split"
"0","set.seed(1)"
"0","partition <- initial_split(claims_clean, prop = 0.8)  # 80% training, 20% testing"
"0","train_data <- training(partition)"
"0","test_data <- testing(partition)"
"0",""
"0","X_train <- train_data$sequences"
"0","X_test <- test_data$sequences"
"0",""
"0","#Binary label"
"0","y_train_binary <- train_data$y_binary"
"0","y_test_binary <- test_data$y_binary"
"0",""
"0","#Multiclass label"
"0","y_train_multiclass <- train_data$y_multiclass"
"0","y_test_multiclass <- test_data$y_multiclass"
"0",""
"0",""
"0","# Build RNN model for binary classification"
"0","binary_model <- keras_model_sequential()"
"0","binary_model %>%"
"0","  layer_embedding(input_dim = 5000, output_dim = 128, input_length = maxlen) %>%  # Embedding layer"
"0","  layer_lstm(units = 64, dropout = 0.2, recurrent_dropout = 0.2) %>% "
"0","  layer_dense(units = 2) %>%  # Dense layer"
"0","  layer_dropout(rate = 0.3) %>% "
"0","  layer_activation(activation = 'sigmoid')  # Activation layer"
"0",""
"0","summary(binary_model)"
"1","Model: ""sequential_14""
___________________________________________________________________________________________________________________________________________________
 Layer (type)                                                     Output Shape                                              Param #                
===================================================================================================================================================
 embedding_14 (Embedding)                                         (None, 1000, 128)                                         640000                 
 lstm_12 (LSTM)                                                   (None, 64)                                                49408                  
 dense_18 (Dense)                                                 (None, 2)                                                 130                    
 dropout_11 (Dropout)                                             (None, 2)                                                 0                      
 activation_9 (Activation)                                        (None, 2)                                                 0                      
===================================================================================================================================================
Total params: 689538 (2.63 MB)
Trainable params: 689538 (2.63 MB)
Non-trainable params: 0 (0.00 Byte)
___________________________________________________________________________________________________________________________________________________
"
"0","binary_model %>% compile("
"0","  loss = 'binary_crossentropy',"
"0","  optimizer = optimizer_adam(learning_rate = 0.001),"
"0","  metrics = c('binary_accuracy')"
"0",")"
"0",""
"0",""
"0","# Train the binary classification model"
"0","history_binary <- binary_model %>% fit("
"0","  X_train, y_train_binary,"
"0","  validation_split = 0.3,"
"0","  epochs = 10,"
"0","  batch_size = 32"
"0",")"
"1","Epoch 1/10
"
"1"," 1/38 [..............................] - ETA: 2:26 - loss: 0.6961 - binary_accuracy: 0.4531"
"1"," 2/38 [>.............................] - ETA: 18s - loss: 0.6948 - binary_accuracy: 0.4922 "
"1"," 3/38 [=>............................] - ETA: 18s - loss: 0.6940 - binary_accuracy: 0.5000"
"1"," 4/38 [==>...........................] - ETA: 17s - loss: 0.6938 - binary_accuracy: 0.4961"
"1"," 5/38 [==>...........................] - ETA: 17s - loss: 0.6925 - binary_accuracy: 0.5063"
"1"," 6/38 [===>..........................] - ETA: 16s - loss: 0.6924 - binary_accuracy: 0.5104"
"1"," 7/38 [====>.........................] - ETA: 16s - loss: 0.6916 - binary_accuracy: 0.5179"
"1"," 8/38 [=====>........................] - ETA: 16s - loss: 0.6920 - binary_accuracy: 0.5039"
"1"," 9/38 [======>.......................] - ETA: 16s - loss: 0.6915 - binary_accuracy: 0.5069"
"1","10/38 [======>.......................] - ETA: 16s - loss: 0.6913 - binary_accuracy: 0.5219"
"1","11/38 [=======>......................] - ETA: 15s - loss: 0.6909 - binary_accuracy: 0.5256"
"1","12/38 [========>.....................] - ETA: 14s - loss: 0.6905 - binary_accuracy: 0.5326"
"1","13/38 [=========>....................] - ETA: 14s - loss: 0.6904 - binary_accuracy: 0.5349"
"1","14/38 [==========>...................] - ETA: 13s - loss: 0.6900 - binary_accuracy: 0.5357"
"1","15/38 [==========>...................] - ETA: 13s - loss: 0.6896 - binary_accuracy: 0.5323"
"1","16/38 [===========>..................] - ETA: 12s - loss: 0.6891 - binary_accuracy: 0.5391"
"1","17/38 [============>.................] - ETA: 11s - loss: 0.6893 - binary_accuracy: 0.5358"
"1","18/38 [=============>................] - ETA: 11s - loss: 0.6891 - binary_accuracy: 0.5365"
"1","19/38 [==============>...............] - ETA: 10s - loss: 0.6893 - binary_accuracy: 0.5345"
"1","20/38 [==============>...............] - ETA: 10s - loss: 0.6885 - binary_accuracy: 0.5367"
"1","21/38 [===============>..............] - ETA: 9s - loss: 0.6884 - binary_accuracy: 0.5342 "
"1","22/38 [================>.............] - ETA: 8s - loss: 0.6885 - binary_accuracy: 0.5284"
"1","23/38 [=================>............] - ETA: 8s - loss: 0.6883 - binary_accuracy: 0.5258"
"1","24/38 [=================>............] - ETA: 7s - loss: 0.6882 - binary_accuracy: 0.5293"
"1","25/38 [==================>...........] - ETA: 7s - loss: 0.6885 - binary_accuracy: 0.5294"
"1","26/38 [===================>..........] - ETA: 6s - loss: 0.6877 - binary_accuracy: 0.5355"
"1","27/38 [====================>.........] - ETA: 6s - loss: 0.6873 - binary_accuracy: 0.5376"
"1","28/38 [=====================>........] - ETA: 5s - loss: 0.6867 - binary_accuracy: 0.5407"
"1","29/38 [=====================>........] - ETA: 4s - loss: 0.6859 - binary_accuracy: 0.5426"
"1","30/38 [======================>.......] - ETA: 4s - loss: 0.6858 - binary_accuracy: 0.5437"
"1","31/38 [=======================>......] - ETA: 3s - loss: 0.6853 - binary_accuracy: 0.5469"
"1","32/38 [========================>.....] - ETA: 3s - loss: 0.6849 - binary_accuracy: 0.5483"
"1","33/38 [=========================>....] - ETA: 2s - loss: 0.6837 - binary_accuracy: 0.5521"
"1","34/38 [=========================>....] - ETA: 2s - loss: 0.6823 - binary_accuracy: 0.5524"
"1","35/38 [==========================>...] - ETA: 1s - loss: 0.6812 - binary_accuracy: 0.5545"
"1","36/38 [===========================>..] - ETA: 1s - loss: 0.6795 - binary_accuracy: 0.5560"
"1","37/38 [============================>.] - ETA: 0s - loss: 0.6777 - binary_accuracy: 0.5583"
"1","38/38 [==============================] - ETA: 0s - loss: 0.6767 - binary_accuracy: 0.5597"
"1","38/38 [==============================] - 26s 606ms/step - loss: 0.6767 - binary_accuracy: 0.5597 - val_loss: 0.6155 - val_binary_accuracy: 0.6887
"
"1","Epoch 2/10
"
"1"," 1/38 [..............................] - ETA: 21s - loss: 0.6204 - binary_accuracy: 0.6562"
"1"," 2/38 [>.............................] - ETA: 18s - loss: 0.6342 - binary_accuracy: 0.6406"
"1"," 3/38 [=>............................] - ETA: 18s - loss: 0.6125 - binary_accuracy: 0.6562"
"1"," 4/38 [==>...........................] - ETA: 17s - loss: 0.6001 - binary_accuracy: 0.6680"
"1"," 5/38 [==>...........................] - ETA: 16s - loss: 0.5885 - binary_accuracy: 0.6844"
"1"," 6/38 [===>..........................] - ETA: 16s - loss: 0.5802 - binary_accuracy: 0.6927"
"1"," 7/38 [====>.........................] - ETA: 16s - loss: 0.5753 - binary_accuracy: 0.7009"
"1"," 8/38 [=====>........................] - ETA: 15s - loss: 0.5793 - binary_accuracy: 0.6914"
"1"," 9/38 [======>.......................] - ETA: 15s - loss: 0.5797 - binary_accuracy: 0.6892"
"1","10/38 [======>.......................] - ETA: 14s - loss: 0.5745 - binary_accuracy: 0.6906"
"1","11/38 [=======>......................] - ETA: 14s - loss: 0.5740 - binary_accuracy: 0.6875"
"1","12/38 [========>.....................] - ETA: 13s - loss: 0.5814 - binary_accuracy: 0.6823"
"1","13/38 [=========>....................] - ETA: 13s - loss: 0.5985 - binary_accuracy: 0.6719"
"1","14/38 [==========>...................] - ETA: 12s - loss: 0.5910 - binary_accuracy: 0.6775"
"1","15/38 [==========>...................] - ETA: 12s - loss: 0.6053 - binary_accuracy: 0.6719"
"1","16/38 [===========>..................] - ETA: 11s - loss: 0.5930 - binary_accuracy: 0.6807"
"1","17/38 [============>.................] - ETA: 11s - loss: 0.5888 - binary_accuracy: 0.6857"
"1","18/38 [=============>................] - ETA: 10s - loss: 0.5912 - binary_accuracy: 0.6832"
"1","19/38 [==============>...............] - ETA: 10s - loss: 0.5862 - binary_accuracy: 0.6834"
"1","20/38 [==============>...............] - ETA: 9s - loss: 0.5872 - binary_accuracy: 0.6836 "
"1","21/38 [===============>..............] - ETA: 9s - loss: 0.5853 - binary_accuracy: 0.6838"
"1","22/38 [================>.............] - ETA: 8s - loss: 0.5810 - binary_accuracy: 0.6875"
"1","23/38 [=================>............] - ETA: 8s - loss: 0.5790 - binary_accuracy: 0.6875"
"1","24/38 [=================>............] - ETA: 7s - loss: 0.5782 - binary_accuracy: 0.6855"
"1","25/38 [==================>...........] - ETA: 6s - loss: 0.5807 - binary_accuracy: 0.6862"
"1","26/38 [===================>..........] - ETA: 6s - loss: 0.5815 - binary_accuracy: 0.6815"
"1","27/38 [====================>.........] - ETA: 5s - loss: 0.5816 - binary_accuracy: 0.6823"
"1","28/38 [=====================>........] - ETA: 5s - loss: 0.5811 - binary_accuracy: 0.6830"
"1","29/38 [=====================>........] - ETA: 4s - loss: 0.5813 - binary_accuracy: 0.6800"
"1","30/38 [======================>.......] - ETA: 4s - loss: 0.5797 - binary_accuracy: 0.6833"
"1","31/38 [=======================>......] - ETA: 3s - loss: 0.5810 - binary_accuracy: 0.6815"
"1","32/38 [========================>.....] - ETA: 3s - loss: 0.5799 - binary_accuracy: 0.6836"
"1","33/38 [=========================>....] - ETA: 2s - loss: 0.5793 - binary_accuracy: 0.6842"
"1","34/38 [=========================>....] - ETA: 2s - loss: 0.5790 - binary_accuracy: 0.6843"
"1","35/38 [==========================>...] - ETA: 1s - loss: 0.5791 - binary_accuracy: 0.6826"
"1","36/38 [===========================>..] - ETA: 1s - loss: 0.5800 - binary_accuracy: 0.6810"
"1","37/38 [============================>.] - ETA: 0s - loss: 0.5797 - binary_accuracy: 0.6816"
"1","38/38 [==============================] - ETA: 0s - loss: 0.5781 - binary_accuracy: 0.6828"
"1","38/38 [==============================] - 22s 578ms/step - loss: 0.5781 - binary_accuracy: 0.6828 - val_loss: 0.5597 - val_binary_accuracy: 0.7364
"
"1","Epoch 3/10
"
"1"," 1/38 [..............................] - ETA: 22s - loss: 0.4932 - binary_accuracy: 0.7812"
"1"," 2/38 [>.............................] - ETA: 20s - loss: 0.5516 - binary_accuracy: 0.7656"
"1"," 3/38 [=>............................] - ETA: 20s - loss: 0.5473 - binary_accuracy: 0.7344"
"1"," 4/38 [==>...........................] - ETA: 19s - loss: 0.5322 - binary_accuracy: 0.7539"
"1"," 5/38 [==>...........................] - ETA: 19s - loss: 0.5227 - binary_accuracy: 0.7563"
"1"," 6/38 [===>..........................] - ETA: 18s - loss: 0.5234 - binary_accuracy: 0.7526"
"1"," 7/38 [====>.........................] - ETA: 17s - loss: 0.5308 - binary_accuracy: 0.7522"
"1"," 8/38 [=====>........................] - ETA: 17s - loss: 0.5315 - binary_accuracy: 0.7441"
"1"," 9/38 [======>.......................] - ETA: 16s - loss: 0.5262 - binary_accuracy: 0.7431"
"1","10/38 [======>.......................] - ETA: 16s - loss: 0.5216 - binary_accuracy: 0.7469"
"1","11/38 [=======>......................] - ETA: 15s - loss: 0.5207 - binary_accuracy: 0.7429"
"1","12/38 [========>.....................] - ETA: 14s - loss: 0.5079 - binary_accuracy: 0.7448"
"1","13/38 [=========>....................] - ETA: 14s - loss: 0.5051 - binary_accuracy: 0.7428"
"1","14/38 [==========>...................] - ETA: 13s - loss: 0.4993 - binary_accuracy: 0.7444"
"1","15/38 [==========>...................] - ETA: 13s - loss: 0.5019 - binary_accuracy: 0.7458"
"1","16/38 [===========>..................] - ETA: 12s - loss: 0.5018 - binary_accuracy: 0.7461"
"1","17/38 [============>.................] - ETA: 11s - loss: 0.4934 - binary_accuracy: 0.7482"
"1","18/38 [=============>................] - ETA: 11s - loss: 0.4951 - binary_accuracy: 0.7457"
"1","19/38 [==============>...............] - ETA: 10s - loss: 0.4947 - binary_accuracy: 0.7410"
"1","20/38 [==============>...............] - ETA: 10s - loss: 0.4913 - binary_accuracy: 0.7430"
"1","21/38 [===============>..............] - ETA: 9s - loss: 0.4859 - binary_accuracy: 0.7485 "
"1","22/38 [================>.............] - ETA: 9s - loss: 0.4852 - binary_accuracy: 0.7486"
"1","23/38 [=================>............] - ETA: 8s - loss: 0.4879 - binary_accuracy: 0.7425"
"1","24/38 [=================>............] - ETA: 8s - loss: 0.4891 - binary_accuracy: 0.7376"
"1","25/38 [==================>...........] - ETA: 7s - loss: 0.4878 - binary_accuracy: 0.7356"
"1","26/38 [===================>..........] - ETA: 7s - loss: 0.4879 - binary_accuracy: 0.7344"
"1","27/38 [====================>.........] - ETA: 6s - loss: 0.4857 - binary_accuracy: 0.7355"
"1","28/38 [=====================>........] - ETA: 5s - loss: 0.4842 - binary_accuracy: 0.7366"
"1","29/38 [=====================>........] - ETA: 5s - loss: 0.4877 - binary_accuracy: 0.7328"
"1","30/38 [======================>.......] - ETA: 4s - loss: 0.4866 - binary_accuracy: 0.7339"
"1","31/38 [=======================>......] - ETA: 4s - loss: 0.4861 - binary_accuracy: 0.7324"
"1","32/38 [========================>.....] - ETA: 3s - loss: 0.4864 - binary_accuracy: 0.7305"
"1","33/38 [=========================>....] - ETA: 2s - loss: 0.4852 - binary_accuracy: 0.7320"
"1","34/38 [=========================>....] - ETA: 2s - loss: 0.4829 - binary_accuracy: 0.7344"
"1","35/38 [==========================>...] - ETA: 1s - loss: 0.4856 - binary_accuracy: 0.7308"
"1","36/38 [===========================>..] - ETA: 1s - loss: 0.4900 - binary_accuracy: 0.7270"
"1","37/38 [============================>.] - ETA: 0s - loss: 0.4873 - binary_accuracy: 0.7293"
"1","38/38 [==============================] - ETA: 0s - loss: 0.4875 - binary_accuracy: 0.7283"
"1","38/38 [==============================] - 24s 625ms/step - loss: 0.4875 - binary_accuracy: 0.7283 - val_loss: 0.5068 - val_binary_accuracy: 0.7743
"
"1","Epoch 4/10
"
"1"," 1/38 [..............................] - ETA: 22s - loss: 0.4962 - binary_accuracy: 0.7188"
"1"," 2/38 [>.............................] - ETA: 22s - loss: 0.4876 - binary_accuracy: 0.7109"
"1"," 3/38 [=>............................] - ETA: 22s - loss: 0.4355 - binary_accuracy: 0.7552"
"1"," 4/38 [==>...........................] - ETA: 20s - loss: 0.4213 - binary_accuracy: 0.7539"
"1"," 5/38 [==>...........................] - ETA: 19s - loss: 0.4139 - binary_accuracy: 0.7594"
"1"," 6/38 [===>..........................] - ETA: 18s - loss: 0.4298 - binary_accuracy: 0.7552"
"1"," 7/38 [====>.........................] - ETA: 17s - loss: 0.4387 - binary_accuracy: 0.7455"
"1"," 8/38 [=====>........................] - ETA: 17s - loss: 0.4300 - binary_accuracy: 0.7422"
"1"," 9/38 [======>.......................] - ETA: 16s - loss: 0.4361 - binary_accuracy: 0.7361"
"1","10/38 [======>.......................] - ETA: 15s - loss: 0.4309 - binary_accuracy: 0.7359"
"1","11/38 [=======>......................] - ETA: 15s - loss: 0.4441 - binary_accuracy: 0.7344"
"1","12/38 [========>.....................] - ETA: 14s - loss: 0.4438 - binary_accuracy: 0.7370"
"1","13/38 [=========>....................] - ETA: 14s - loss: 0.4440 - binary_accuracy: 0.7404"
"1","14/38 [==========>...................] - ETA: 13s - loss: 0.4477 - binary_accuracy: 0.7433"
"1","15/38 [==========>...................] - ETA: 12s - loss: 0.4470 - binary_accuracy: 0.7427"
"1","16/38 [===========>..................] - ETA: 12s - loss: 0.4470 - binary_accuracy: 0.7451"
"1","17/38 [============>.................] - ETA: 11s - loss: 0.4443 - binary_accuracy: 0.7454"
"1","18/38 [=============>................] - ETA: 11s - loss: 0.4433 - binary_accuracy: 0.7457"
"1","19/38 [==============>...............] - ETA: 10s - loss: 0.4456 - binary_accuracy: 0.7484"
"1","20/38 [==============>...............] - ETA: 10s - loss: 0.4433 - binary_accuracy: 0.7516"
"1","21/38 [===============>..............] - ETA: 9s - loss: 0.4423 - binary_accuracy: 0.7515 "
"1","22/38 [================>.............] - ETA: 8s - loss: 0.4523 - binary_accuracy: 0.7507"
"1","23/38 [=================>............] - ETA: 8s - loss: 0.4514 - binary_accuracy: 0.7520"
"1","24/38 [=================>............] - ETA: 7s - loss: 0.4502 - binary_accuracy: 0.7526"
"1","25/38 [==================>...........] - ETA: 7s - loss: 0.4484 - binary_accuracy: 0.7531"
"1","26/38 [===================>..........] - ETA: 6s - loss: 0.4506 - binary_accuracy: 0.7494"
"1","27/38 [====================>.........] - ETA: 6s - loss: 0.4493 - binary_accuracy: 0.7488"
"1","28/38 [=====================>........] - ETA: 5s - loss: 0.4489 - binary_accuracy: 0.7494"
"1","29/38 [=====================>........] - ETA: 5s - loss: 0.4492 - binary_accuracy: 0.7489"
"1","30/38 [======================>.......] - ETA: 4s - loss: 0.4522 - binary_accuracy: 0.7490"
"1","31/38 [=======================>......] - ETA: 3s - loss: 0.4539 - binary_accuracy: 0.7490"
"1","32/38 [========================>.....] - ETA: 3s - loss: 0.4518 - binary_accuracy: 0.7505"
"1","33/38 [=========================>....] - ETA: 2s - loss: 0.4519 - binary_accuracy: 0.7495"
"1","34/38 [=========================>....] - ETA: 2s - loss: 0.4530 - binary_accuracy: 0.7491"
"1","35/38 [==========================>...] - ETA: 1s - loss: 0.4565 - binary_accuracy: 0.7473"
"1","36/38 [===========================>..] - ETA: 1s - loss: 0.4558 - binary_accuracy: 0.7478"
"1","37/38 [============================>.] - ETA: 0s - loss: 0.4523 - binary_accuracy: 0.7517"
"1","38/38 [==============================] - ETA: 0s - loss: 0.4534 - binary_accuracy: 0.7508"
"1","38/38 [==============================] - 23s 599ms/step - loss: 0.4534 - binary_accuracy: 0.7508 - val_loss: 0.5022 - val_binary_accuracy: 0.7695
"
"1","Epoch 5/10
"
"1"," 1/38 [..............................] - ETA: 24s - loss: 0.3158 - binary_accuracy: 0.8750"
"1"," 2/38 [>.............................] - ETA: 23s - loss: 0.3702 - binary_accuracy: 0.8516"
"1"," 3/38 [=>............................] - ETA: 21s - loss: 0.3879 - binary_accuracy: 0.8385"
"1"," 4/38 [==>...........................] - ETA: 20s - loss: 0.3967 - binary_accuracy: 0.8164"
"1"," 5/38 [==>...........................] - ETA: 19s - loss: 0.4166 - binary_accuracy: 0.8062"
"1"," 6/38 [===>..........................] - ETA: 18s - loss: 0.4158 - binary_accuracy: 0.7891"
"1"," 7/38 [====>.........................] - ETA: 17s - loss: 0.4326 - binary_accuracy: 0.7656"
"1"," 8/38 [=====>........................] - ETA: 17s - loss: 0.4324 - binary_accuracy: 0.7676"
"1"," 9/38 [======>.......................] - ETA: 16s - loss: 0.4276 - binary_accuracy: 0.7708"
"1","10/38 [======>.......................] - ETA: 15s - loss: 0.4273 - binary_accuracy: 0.7703"
"1","11/38 [=======>......................] - ETA: 15s - loss: 0.4227 - binary_accuracy: 0.7798"
"1","12/38 [========>.....................] - ETA: 14s - loss: 0.4147 - binary_accuracy: 0.7852"
"1","13/38 [=========>....................] - ETA: 14s - loss: 0.4106 - binary_accuracy: 0.7849"
"1","14/38 [==========>...................] - ETA: 13s - loss: 0.4122 - binary_accuracy: 0.7846"
"1","15/38 [==========>...................] - ETA: 12s - loss: 0.4127 - binary_accuracy: 0.7844"
"1","16/38 [===========>..................] - ETA: 12s - loss: 0.4157 - binary_accuracy: 0.7812"
"1","17/38 [============>.................] - ETA: 11s - loss: 0.4123 - binary_accuracy: 0.7812"
"1","18/38 [=============>................] - ETA: 11s - loss: 0.4120 - binary_accuracy: 0.7804"
"1","19/38 [==============>...............] - ETA: 10s - loss: 0.4112 - binary_accuracy: 0.7812"
"1","20/38 [==============>...............] - ETA: 10s - loss: 0.4117 - binary_accuracy: 0.7789"
"1","21/38 [===============>..............] - ETA: 9s - loss: 0.4153 - binary_accuracy: 0.7768 "
"1","22/38 [================>.............] - ETA: 8s - loss: 0.4152 - binary_accuracy: 0.7777"
"1","23/38 [=================>............] - ETA: 8s - loss: 0.4178 - binary_accuracy: 0.7785"
"1","24/38 [=================>............] - ETA: 7s - loss: 0.4108 - binary_accuracy: 0.7819"
"1","25/38 [==================>...........] - ETA: 7s - loss: 0.4119 - binary_accuracy: 0.7800"
"1","26/38 [===================>..........] - ETA: 6s - loss: 0.4104 - binary_accuracy: 0.7794"
"1","27/38 [====================>.........] - ETA: 6s - loss: 0.4104 - binary_accuracy: 0.7772"
"1","28/38 [=====================>........] - ETA: 5s - loss: 0.4124 - binary_accuracy: 0.7751"
"1","29/38 [=====================>........] - ETA: 5s - loss: 0.4080 - binary_accuracy: 0.7775"
"1","30/38 [======================>.......] - ETA: 4s - loss: 0.4039 - binary_accuracy: 0.7797"
"1","31/38 [=======================>......] - ETA: 3s - loss: 0.4008 - binary_accuracy: 0.7807"
"1","32/38 [========================>.....] - ETA: 3s - loss: 0.4007 - binary_accuracy: 0.7803"
"1","33/38 [=========================>....] - ETA: 2s - loss: 0.4021 - binary_accuracy: 0.7808"
"1","34/38 [=========================>....] - ETA: 2s - loss: 0.4059 - binary_accuracy: 0.7799"
"1","35/38 [==========================>...] - ETA: 1s - loss: 0.4052 - binary_accuracy: 0.7804"
"1","36/38 [===========================>..] - ETA: 1s - loss: 0.4061 - binary_accuracy: 0.7799"
"1","37/38 [============================>.] - ETA: 0s - loss: 0.4084 - binary_accuracy: 0.7783"
"1","38/38 [==============================] - ETA: 0s - loss: 0.4093 - binary_accuracy: 0.7788"
"1","38/38 [==============================] - 23s 598ms/step - loss: 0.4093 - binary_accuracy: 0.7788 - val_loss: 0.5483 - val_binary_accuracy: 0.7130
"
"1","Epoch 6/10
"
"1"," 1/38 [..............................] - ETA: 22s - loss: 0.5061 - binary_accuracy: 0.7969"
"1"," 2/38 [>.............................] - ETA: 23s - loss: 0.4690 - binary_accuracy: 0.7969"
"1"," 3/38 [=>............................] - ETA: 20s - loss: 0.4536 - binary_accuracy: 0.7812"
"1"," 4/38 [==>...........................] - ETA: 19s - loss: 0.4551 - binary_accuracy: 0.7695"
"1"," 5/38 [==>...........................] - ETA: 18s - loss: 0.4450 - binary_accuracy: 0.7625"
"1"," 6/38 [===>..........................] - ETA: 17s - loss: 0.4396 - binary_accuracy: 0.7760"
"1"," 7/38 [====>.........................] - ETA: 17s - loss: 0.4472 - binary_accuracy: 0.7589"
"1"," 8/38 [=====>........................] - ETA: 16s - loss: 0.4402 - binary_accuracy: 0.7656"
"1"," 9/38 [======>.......................] - ETA: 15s - loss: 0.4336 - binary_accuracy: 0.7691"
"1","10/38 [======>.......................] - ETA: 15s - loss: 0.4197 - binary_accuracy: 0.7781"
"1","11/38 [=======>......................] - ETA: 14s - loss: 0.4254 - binary_accuracy: 0.7756"
"1","12/38 [========>.....................] - ETA: 14s - loss: 0.4175 - binary_accuracy: 0.7773"
"1","13/38 [=========>....................] - ETA: 13s - loss: 0.4179 - binary_accuracy: 0.7740"
"1","14/38 [==========>...................] - ETA: 13s - loss: 0.4180 - binary_accuracy: 0.7723"
"1","15/38 [==========>...................] - ETA: 12s - loss: 0.4150 - binary_accuracy: 0.7750"
"1","16/38 [===========>..................] - ETA: 12s - loss: 0.4109 - binary_accuracy: 0.7793"
"1","17/38 [============>.................] - ETA: 11s - loss: 0.4192 - binary_accuracy: 0.7767"
"1","18/38 [=============>................] - ETA: 10s - loss: 0.4162 - binary_accuracy: 0.7786"
"1","19/38 [==============>...............] - ETA: 10s - loss: 0.4141 - binary_accuracy: 0.7763"
"1","20/38 [==============>...............] - ETA: 9s - loss: 0.4091 - binary_accuracy: 0.7781 "
"1","21/38 [===============>..............] - ETA: 9s - loss: 0.4040 - binary_accuracy: 0.7790"
"1","22/38 [================>.............] - ETA: 8s - loss: 0.4073 - binary_accuracy: 0.7777"
"1","23/38 [=================>............] - ETA: 8s - loss: 0.4004 - binary_accuracy: 0.7846"
"1","24/38 [=================>............] - ETA: 7s - loss: 0.4013 - binary_accuracy: 0.7819"
"1","25/38 [==================>...........] - ETA: 7s - loss: 0.3949 - binary_accuracy: 0.7850"
"1","26/38 [===================>..........] - ETA: 6s - loss: 0.3889 - binary_accuracy: 0.7855"
"1","27/38 [====================>.........] - ETA: 5s - loss: 0.3852 - binary_accuracy: 0.7888"
"1","28/38 [=====================>........] - ETA: 5s - loss: 0.3902 - binary_accuracy: 0.7874"
"1","29/38 [=====================>........] - ETA: 4s - loss: 0.3868 - binary_accuracy: 0.7904"
"1","30/38 [======================>.......] - ETA: 4s - loss: 0.3867 - binary_accuracy: 0.7917"
"1","31/38 [=======================>......] - ETA: 3s - loss: 0.3870 - binary_accuracy: 0.7918"
"1","32/38 [========================>.....] - ETA: 3s - loss: 0.3824 - binary_accuracy: 0.7944"
"1","33/38 [=========================>....] - ETA: 2s - loss: 0.3812 - binary_accuracy: 0.7940"
"1","34/38 [=========================>....] - ETA: 2s - loss: 0.3805 - binary_accuracy: 0.7937"
"1","35/38 [==========================>...] - ETA: 1s - loss: 0.3853 - binary_accuracy: 0.7911"
"1","36/38 [===========================>..] - ETA: 1s - loss: 0.3828 - binary_accuracy: 0.7925"
"1","37/38 [============================>.] - ETA: 0s - loss: 0.3837 - binary_accuracy: 0.7927"
"1","38/38 [==============================] - ETA: 0s - loss: 0.3820 - binary_accuracy: 0.7934"
"1","38/38 [==============================] - 23s 592ms/step - loss: 0.3820 - binary_accuracy: 0.7934 - val_loss: 0.5161 - val_binary_accuracy: 0.7568
"
"1","Epoch 7/10
"
"1"," 1/38 [..............................] - ETA: 32s - loss: 0.3448 - binary_accuracy: 0.7812"
"1"," 2/38 [>.............................] - ETA: 25s - loss: 0.3195 - binary_accuracy: 0.8125"
"1"," 3/38 [=>............................] - ETA: 26s - loss: 0.3475 - binary_accuracy: 0.7917"
"1"," 4/38 [==>...........................] - ETA: 26s - loss: 0.3521 - binary_accuracy: 0.7930"
"1"," 5/38 [==>...........................] - ETA: 24s - loss: 0.3463 - binary_accuracy: 0.7969"
"1"," 6/38 [===>..........................] - ETA: 23s - loss: 0.3458 - binary_accuracy: 0.8047"
"1"," 7/38 [====>.........................] - ETA: 22s - loss: 0.3310 - binary_accuracy: 0.8125"
"1"," 8/38 [=====>........................] - ETA: 21s - loss: 0.3362 - binary_accuracy: 0.8047"
"1"," 9/38 [======>.......................] - ETA: 19s - loss: 0.3359 - binary_accuracy: 0.8038"
"1","10/38 [======>.......................] - ETA: 18s - loss: 0.3410 - binary_accuracy: 0.8000"
"1","11/38 [=======>......................] - ETA: 17s - loss: 0.3426 - binary_accuracy: 0.7969"
"1","12/38 [========>.....................] - ETA: 17s - loss: 0.3433 - binary_accuracy: 0.8008"
"1","13/38 [=========>....................] - ETA: 16s - loss: 0.3363 - binary_accuracy: 0.8077"
"1","14/38 [==========>...................] - ETA: 15s - loss: 0.3388 - binary_accuracy: 0.8058"
"1","15/38 [==========>...................] - ETA: 14s - loss: 0.3620 - binary_accuracy: 0.7979"
"1","16/38 [===========>..................] - ETA: 13s - loss: 0.3647 - binary_accuracy: 0.7949"
"1","17/38 [============>.................] - ETA: 13s - loss: 0.3679 - binary_accuracy: 0.7923"
"1","18/38 [=============>................] - ETA: 12s - loss: 0.3653 - binary_accuracy: 0.7925"
"1","19/38 [==============>...............] - ETA: 11s - loss: 0.3601 - binary_accuracy: 0.7936"
"1","20/38 [==============>...............] - ETA: 11s - loss: 0.3630 - binary_accuracy: 0.7977"
"1","21/38 [===============>..............] - ETA: 10s - loss: 0.3608 - binary_accuracy: 0.7969"
"1","22/38 [================>.............] - ETA: 9s - loss: 0.3639 - binary_accuracy: 0.7940 "
"1","23/38 [=================>............] - ETA: 9s - loss: 0.3691 - binary_accuracy: 0.7935"
"1","24/38 [=================>............] - ETA: 8s - loss: 0.3741 - binary_accuracy: 0.7917"
"1","25/38 [==================>...........] - ETA: 7s - loss: 0.3765 - binary_accuracy: 0.7919"
"1","26/38 [===================>..........] - ETA: 7s - loss: 0.3767 - binary_accuracy: 0.7921"
"1","27/38 [====================>.........] - ETA: 6s - loss: 0.3838 - binary_accuracy: 0.7870"
"1","28/38 [=====================>........] - ETA: 6s - loss: 0.3859 - binary_accuracy: 0.7857"
"1","29/38 [=====================>........] - ETA: 5s - loss: 0.3943 - binary_accuracy: 0.7829"
"1","30/38 [======================>.......] - ETA: 4s - loss: 0.3954 - binary_accuracy: 0.7807"
"1","31/38 [=======================>......] - ETA: 4s - loss: 0.3957 - binary_accuracy: 0.7807"
"1","32/38 [========================>.....] - ETA: 3s - loss: 0.4016 - binary_accuracy: 0.7769"
"1","33/38 [=========================>....] - ETA: 2s - loss: 0.4048 - binary_accuracy: 0.7765"
"1","34/38 [=========================>....] - ETA: 2s - loss: 0.4036 - binary_accuracy: 0.7776"
"1","35/38 [==========================>...] - ETA: 1s - loss: 0.4032 - binary_accuracy: 0.7781"
"1","36/38 [===========================>..] - ETA: 1s - loss: 0.4006 - binary_accuracy: 0.7808"
"1","37/38 [============================>.] - ETA: 0s - loss: 0.4008 - binary_accuracy: 0.7796"
"1","38/38 [==============================] - ETA: 0s - loss: 0.4006 - binary_accuracy: 0.7801"
"1","38/38 [==============================] - 24s 627ms/step - loss: 0.4006 - binary_accuracy: 0.7801 - val_loss: 0.5483 - val_binary_accuracy: 0.7111
"
"1","Epoch 8/10
"
"1"," 1/38 [..............................] - ETA: 23s - loss: 0.3959 - binary_accuracy: 0.7812"
"1"," 2/38 [>.............................] - ETA: 22s - loss: 0.4117 - binary_accuracy: 0.7500"
"1"," 3/38 [=>............................] - ETA: 21s - loss: 0.4122 - binary_accuracy: 0.7656"
"1"," 4/38 [==>...........................] - ETA: 20s - loss: 0.3904 - binary_accuracy: 0.7695"
"1"," 5/38 [==>...........................] - ETA: 18s - loss: 0.3669 - binary_accuracy: 0.7937"
"1"," 6/38 [===>..........................] - ETA: 18s - loss: 0.3797 - binary_accuracy: 0.7839"
"1"," 7/38 [====>.........................] - ETA: 18s - loss: 0.3937 - binary_accuracy: 0.7746"
"1"," 8/38 [=====>........................] - ETA: 17s - loss: 0.3967 - binary_accuracy: 0.7734"
"1"," 9/38 [======>.......................] - ETA: 16s - loss: 0.3906 - binary_accuracy: 0.7743"
"1","10/38 [======>.......................] - ETA: 16s - loss: 0.3898 - binary_accuracy: 0.7734"
"1","11/38 [=======>......................] - ETA: 15s - loss: 0.3849 - binary_accuracy: 0.7784"
"1","12/38 [========>.....................] - ETA: 14s - loss: 0.3870 - binary_accuracy: 0.7799"
"1","13/38 [=========>....................] - ETA: 14s - loss: 0.3908 - binary_accuracy: 0.7716"
"1","14/38 [==========>...................] - ETA: 13s - loss: 0.4047 - binary_accuracy: 0.7679"
"1","15/38 [==========>...................] - ETA: 12s - loss: 0.4021 - binary_accuracy: 0.7729"
"1","16/38 [===========>..................] - ETA: 12s - loss: 0.3992 - binary_accuracy: 0.7725"
"1","17/38 [============>.................] - ETA: 11s - loss: 0.4055 - binary_accuracy: 0.7684"
"1","18/38 [=============>................] - ETA: 11s - loss: 0.3994 - binary_accuracy: 0.7726"
"1","19/38 [==============>...............] - ETA: 10s - loss: 0.4022 - binary_accuracy: 0.7722"
"1","20/38 [==============>...............] - ETA: 10s - loss: 0.4016 - binary_accuracy: 0.7719"
"1","21/38 [===============>..............] - ETA: 9s - loss: 0.4024 - binary_accuracy: 0.7693 "
"1","22/38 [================>.............] - ETA: 8s - loss: 0.4051 - binary_accuracy: 0.7706"
"1","23/38 [=================>............] - ETA: 8s - loss: 0.3985 - binary_accuracy: 0.7745"
"1","24/38 [=================>............] - ETA: 7s - loss: 0.4007 - binary_accuracy: 0.7721"
"1","25/38 [==================>...........] - ETA: 7s - loss: 0.3972 - binary_accuracy: 0.7725"
"1","26/38 [===================>..........] - ETA: 6s - loss: 0.3994 - binary_accuracy: 0.7728"
"1","27/38 [====================>.........] - ETA: 6s - loss: 0.3994 - binary_accuracy: 0.7737"
"1","28/38 [=====================>........] - ETA: 5s - loss: 0.3976 - binary_accuracy: 0.7740"
"1","29/38 [=====================>........] - ETA: 5s - loss: 0.3947 - binary_accuracy: 0.7764"
"1","30/38 [======================>.......] - ETA: 4s - loss: 0.3948 - binary_accuracy: 0.7771"
"1","31/38 [=======================>......] - ETA: 3s - loss: 0.3887 - binary_accuracy: 0.7807"
"1","32/38 [========================>.....] - ETA: 3s - loss: 0.3899 - binary_accuracy: 0.7803"
"1","33/38 [=========================>....] - ETA: 2s - loss: 0.3858 - binary_accuracy: 0.7831"
"1","34/38 [=========================>....] - ETA: 2s - loss: 0.3826 - binary_accuracy: 0.7831"
"1","35/38 [==========================>...] - ETA: 1s - loss: 0.3817 - binary_accuracy: 0.7839"
"1","36/38 [===========================>..] - ETA: 1s - loss: 0.3800 - binary_accuracy: 0.7852"
"1","37/38 [============================>.] - ETA: 0s - loss: 0.3777 - binary_accuracy: 0.7863"
"1","38/38 [==============================] - ETA: 0s - loss: 0.3766 - binary_accuracy: 0.7871"
"1","38/38 [==============================] - 23s 593ms/step - loss: 0.3766 - binary_accuracy: 0.7871 - val_loss: 0.5407 - val_binary_accuracy: 0.7704
"
"1","Epoch 9/10
"
"1"," 1/38 [..............................] - ETA: 22s - loss: 0.4049 - binary_accuracy: 0.7969"
"1"," 2/38 [>.............................] - ETA: 22s - loss: 0.3513 - binary_accuracy: 0.8125"
"1"," 3/38 [=>............................] - ETA: 20s - loss: 0.3513 - binary_accuracy: 0.8021"
"1"," 4/38 [==>...........................] - ETA: 19s - loss: 0.3400 - binary_accuracy: 0.8164"
"1"," 5/38 [==>...........................] - ETA: 18s - loss: 0.3184 - binary_accuracy: 0.8344"
"1"," 6/38 [===>..........................] - ETA: 17s - loss: 0.3364 - binary_accuracy: 0.8125"
"1"," 7/38 [====>.........................] - ETA: 17s - loss: 0.3344 - binary_accuracy: 0.8103"
"1"," 8/38 [=====>........................] - ETA: 17s - loss: 0.3440 - binary_accuracy: 0.8105"
"1"," 9/38 [======>.......................] - ETA: 16s - loss: 0.3396 - binary_accuracy: 0.8073"
"1","10/38 [======>.......................] - ETA: 15s - loss: 0.3345 - binary_accuracy: 0.8109"
"1","11/38 [=======>......................] - ETA: 15s - loss: 0.3361 - binary_accuracy: 0.8111"
"1","12/38 [========>.....................] - ETA: 14s - loss: 0.3296 - binary_accuracy: 0.8099"
"1","13/38 [=========>....................] - ETA: 14s - loss: 0.3344 - binary_accuracy: 0.8041"
"1","14/38 [==========>...................] - ETA: 13s - loss: 0.3352 - binary_accuracy: 0.8002"
"1","15/38 [==========>...................] - ETA: 12s - loss: 0.3436 - binary_accuracy: 0.7948"
"1","16/38 [===========>..................] - ETA: 12s - loss: 0.3394 - binary_accuracy: 0.7949"
"1","17/38 [============>.................] - ETA: 11s - loss: 0.3387 - binary_accuracy: 0.7950"
"1","18/38 [=============>................] - ETA: 11s - loss: 0.3404 - binary_accuracy: 0.7943"
"1","19/38 [==============>...............] - ETA: 10s - loss: 0.3411 - binary_accuracy: 0.7952"
"1","20/38 [==============>...............] - ETA: 10s - loss: 0.3450 - binary_accuracy: 0.7922"
"1","21/38 [===============>..............] - ETA: 9s - loss: 0.3427 - binary_accuracy: 0.7917 "
"1","22/38 [================>.............] - ETA: 9s - loss: 0.3437 - binary_accuracy: 0.7940"
"1","23/38 [=================>............] - ETA: 8s - loss: 0.3414 - binary_accuracy: 0.7955"
"1","24/38 [=================>............] - ETA: 7s - loss: 0.3434 - binary_accuracy: 0.7943"
"1","25/38 [==================>...........] - ETA: 7s - loss: 0.3431 - binary_accuracy: 0.7956"
"1","26/38 [===================>..........] - ETA: 6s - loss: 0.3383 - binary_accuracy: 0.7981"
"1","27/38 [====================>.........] - ETA: 6s - loss: 0.3387 - binary_accuracy: 0.7975"
"1","28/38 [=====================>........] - ETA: 5s - loss: 0.3410 - binary_accuracy: 0.7963"
"1","29/38 [=====================>........] - ETA: 5s - loss: 0.3450 - binary_accuracy: 0.7953"
"1","30/38 [======================>.......] - ETA: 4s - loss: 0.3438 - binary_accuracy: 0.7948"
"1","31/38 [=======================>......] - ETA: 3s - loss: 0.3460 - binary_accuracy: 0.7949"
"1","32/38 [========================>.....] - ETA: 3s - loss: 0.3430 - binary_accuracy: 0.7979"
"1","33/38 [=========================>....] - ETA: 2s - loss: 0.3472 - binary_accuracy: 0.7926"
"1","34/38 [=========================>....] - ETA: 2s - loss: 0.3505 - binary_accuracy: 0.7895"
"1","35/38 [==========================>...] - ETA: 1s - loss: 0.3498 - binary_accuracy: 0.7902"
"1","36/38 [===========================>..] - ETA: 1s - loss: 0.3464 - binary_accuracy: 0.7938"
"1","37/38 [============================>.] - ETA: 0s - loss: 0.3483 - binary_accuracy: 0.7922"
"1","38/38 [==============================] - ETA: 0s - loss: 0.3492 - binary_accuracy: 0.7913"
"1","38/38 [==============================] - 23s 606ms/step - loss: 0.3492 - binary_accuracy: 0.7913 - val_loss: 0.5414 - val_binary_accuracy: 0.7549
"
"1","Epoch 10/10
"
"1"," 1/38 [..............................] - ETA: 23s - loss: 0.2927 - binary_accuracy: 0.8281"
"1"," 2/38 [>.............................] - ETA: 22s - loss: 0.3366 - binary_accuracy: 0.7891"
"1"," 3/38 [=>............................] - ETA: 20s - loss: 0.3168 - binary_accuracy: 0.8125"
"1"," 4/38 [==>...........................] - ETA: 19s - loss: 0.3403 - binary_accuracy: 0.7812"
"1"," 5/38 [==>...........................] - ETA: 18s - loss: 0.3502 - binary_accuracy: 0.7812"
"1"," 6/38 [===>..........................] - ETA: 17s - loss: 0.3551 - binary_accuracy: 0.7891"
"1"," 7/38 [====>.........................] - ETA: 17s - loss: 0.3470 - binary_accuracy: 0.8013"
"1"," 8/38 [=====>........................] - ETA: 16s - loss: 0.3363 - binary_accuracy: 0.8066"
"1"," 9/38 [======>.......................] - ETA: 15s - loss: 0.3417 - binary_accuracy: 0.8056"
"1","10/38 [======>.......................] - ETA: 15s - loss: 0.3407 - binary_accuracy: 0.8000"
"1","11/38 [=======>......................] - ETA: 14s - loss: 0.3399 - binary_accuracy: 0.8011"
"1","12/38 [========>.....................] - ETA: 14s - loss: 0.3464 - binary_accuracy: 0.8021"
"1","13/38 [=========>....................] - ETA: 13s - loss: 0.3440 - binary_accuracy: 0.8053"
"1","14/38 [==========>...................] - ETA: 13s - loss: 0.3473 - binary_accuracy: 0.8013"
"1","15/38 [==========>...................] - ETA: 12s - loss: 0.3530 - binary_accuracy: 0.7969"
"1","16/38 [===========>..................] - ETA: 12s - loss: 0.3549 - binary_accuracy: 0.7979"
"1","17/38 [============>.................] - ETA: 11s - loss: 0.3512 - binary_accuracy: 0.7987"
"1","18/38 [=============>................] - ETA: 10s - loss: 0.3477 - binary_accuracy: 0.7986"
"1","19/38 [==============>...............] - ETA: 10s - loss: 0.3484 - binary_accuracy: 0.7985"
"1","20/38 [==============>...............] - ETA: 9s - loss: 0.3508 - binary_accuracy: 0.7922 "
"1","21/38 [===============>..............] - ETA: 9s - loss: 0.3470 - binary_accuracy: 0.7946"
"1","22/38 [================>.............] - ETA: 8s - loss: 0.3447 - binary_accuracy: 0.7962"
"1","23/38 [=================>............] - ETA: 8s - loss: 0.3470 - binary_accuracy: 0.7942"
"1","24/38 [=================>............] - ETA: 7s - loss: 0.3463 - binary_accuracy: 0.7969"
"1","25/38 [==================>...........] - ETA: 7s - loss: 0.3437 - binary_accuracy: 0.7987"
"1","26/38 [===================>..........] - ETA: 6s - loss: 0.3426 - binary_accuracy: 0.7981"
"1","27/38 [====================>.........] - ETA: 6s - loss: 0.3400 - binary_accuracy: 0.7980"
"1","28/38 [=====================>........] - ETA: 5s - loss: 0.3434 - binary_accuracy: 0.7963"
"1","29/38 [=====================>........] - ETA: 4s - loss: 0.3460 - binary_accuracy: 0.7963"
"1","30/38 [======================>.......] - ETA: 4s - loss: 0.3460 - binary_accuracy: 0.7969"
"1","31/38 [=======================>......] - ETA: 3s - loss: 0.3438 - binary_accuracy: 0.7979"
"1","32/38 [========================>.....] - ETA: 3s - loss: 0.3405 - binary_accuracy: 0.8003"
"1","33/38 [=========================>....] - ETA: 2s - loss: 0.3399 - binary_accuracy: 0.8002"
"1","34/38 [=========================>....] - ETA: 2s - loss: 0.3384 - binary_accuracy: 0.7992"
"1","35/38 [==========================>...] - ETA: 1s - loss: 0.3383 - binary_accuracy: 0.8000"
"1","36/38 [===========================>..] - ETA: 1s - loss: 0.3389 - binary_accuracy: 0.7995"
"1","37/38 [============================>.] - ETA: 0s - loss: 0.3370 - binary_accuracy: 0.8003"
"1","38/38 [==============================] - ETA: 0s - loss: 0.3363 - binary_accuracy: 0.7997"
"1","38/38 [==============================] - 23s 611ms/step - loss: 0.3363 - binary_accuracy: 0.7997 - val_loss: 0.5656 - val_binary_accuracy: 0.7695
"
"0","multiclass_model <- keras_model_sequential()"
"0","multiclass_model %>% "
"0","  layer_embedding(input_dim = 5000, output_dim = 128, input_length = maxlen) %>%  # Embedding layer"
"0","  layer_lstm(units = 64, dropout = 0.2, recurrent_dropout = 0.2) %>% "
"0","  layer_dense(units = 2) %>%  # Dense layer"
"0","  layer_dropout(rate = 0.3) %>% "
"0","  layer_activation(activation = 'softmax')  # Activation layer"
"0","multiclass_model %>% compile("
"0","  loss = 'categorical_crossentropy',"
"0","  optimizer = optimizer_adam(learning_rate = 0.001),"
"0","  metrics = c('binary_accuracy')"
"0",")"
"0","history_binary <- multiclass_model %>% fit("
"0","  X_train, y_train_multiclass,"
"0","  validation_split = 0.3,"
"0","  epochs = 10,"
"0","  batch_size = 32"
"0",")"
"1","Epoch 1/10
"
"2","Error in py_call_impl(callable, call_args$unnamed, call_args$named) : 
  ValueError: in user code:

<...truncated...>, y_p, sample_weight=sw)
    File ""/Users/cnguyen/.virtualenvs/r-tensorflow/lib/python3.10/site-packages/keras/src/losses.py"", line 143, in __call__
        losses = call_fn(y_true, y_pred)
    File ""/Users/cnguyen/.virtualenvs/r-tensorflow/lib/python3.10/site-packages/keras/src/losses.py"", line 270, in call  **
        return ag_fn(y_true, y_pred, **self._fn_kwargs)
    File ""/Users/cnguyen/.virtualenvs/r-tensorflow/lib/python3.10/site-packages/keras/src/losses.py"", line 2221, in categorical_crossentropy
        return backend.categorical_crossentropy(
    File ""/Users/cnguyen/.virtualenvs/r-tensorflow/lib/python3.10/site-packages/keras/src/backend.py"", line 5573, in categorical_crossentropy
        target.shape.assert_is_compatible_with(output.shape)

    ValueError: Shapes (None, 5) and (None, 2) are incompatible

[90mRun ]8;;rstudio:run:reticulate::py_last_error()`reticulate::py_last_error()`]8;; for details.[39m
"
