"0","multiclass_model <- keras_model_sequential()"
"0","multiclass_model %>% "
"0","  layer_embedding(input_dim = 5000, output_dim = 128, input_length = maxlen) %>%  # Embedding layer"
"0","  layer_lstm(units = 64, dropout = 0.2, recurrent_dropout = 0.2) %>% "
"0","  layer_dense(units = 5) %>%  # Dense layer"
"0","  layer_dropout(rate = 0.3) %>% "
"0","  layer_activation(activation = 'softmax')  # Activation layer"
"0","multiclass_model %>% compile("
"0","  loss = 'categorical_crossentropy',"
"0","  optimizer = optimizer_adam(learning_rate = 0.001),"
"0","  metrics = c('binary_accuracy')"
"0",")"
"0","history_binary <- multiclass_model %>% fit("
"0","  X_train, y_train_multiclass,"
"0","  validation_split = 0.3,"
"0","  epochs = 10,"
"0","  batch_size = 32"
"0",")"
"1","Epoch 1/10
"
"1"," 1/38 [..............................] - ETA: 2:23 - loss: 1.6090 - binary_accuracy: 0.8000"
"1"," 2/38 [>.............................] - ETA: 20s - loss: 1.6046 - binary_accuracy: 0.8000 "
"1"," 3/38 [=>............................] - ETA: 19s - loss: 1.6057 - binary_accuracy: 0.8000"
"1"," 4/38 [==>...........................] - ETA: 18s - loss: 1.6031 - binary_accuracy: 0.8000"
"1"," 5/38 [==>...........................] - ETA: 17s - loss: 1.6000 - binary_accuracy: 0.8000"
"1"," 6/38 [===>..........................] - ETA: 17s - loss: 1.5969 - binary_accuracy: 0.8000"
"1"," 7/38 [====>.........................] - ETA: 16s - loss: 1.5947 - binary_accuracy: 0.8000"
"1"," 8/38 [=====>........................] - ETA: 15s - loss: 1.5921 - binary_accuracy: 0.8000"
"1"," 9/38 [======>.......................] - ETA: 15s - loss: 1.5869 - binary_accuracy: 0.8000"
"1","10/38 [======>.......................] - ETA: 14s - loss: 1.5826 - binary_accuracy: 0.8000"
"1","11/38 [=======>......................] - ETA: 14s - loss: 1.5798 - binary_accuracy: 0.8000"
"1","12/38 [========>.....................] - ETA: 13s - loss: 1.5748 - binary_accuracy: 0.8000"
"1","13/38 [=========>....................] - ETA: 13s - loss: 1.5695 - binary_accuracy: 0.8000"
"1","14/38 [==========>...................] - ETA: 12s - loss: 1.5645 - binary_accuracy: 0.8000"
"1","15/38 [==========>...................] - ETA: 12s - loss: 1.5559 - binary_accuracy: 0.8013"
"1","16/38 [===========>..................] - ETA: 11s - loss: 1.5503 - binary_accuracy: 0.8016"
"1","17/38 [============>.................] - ETA: 11s - loss: 1.5353 - binary_accuracy: 0.8022"
"1","18/38 [=============>................] - ETA: 10s - loss: 1.5255 - binary_accuracy: 0.8042"
"1","19/38 [==============>...............] - ETA: 10s - loss: 1.5381 - binary_accuracy: 0.8026"
"1","20/38 [==============>...............] - ETA: 10s - loss: 1.5292 - binary_accuracy: 0.8038"
"1","21/38 [===============>..............] - ETA: 9s - loss: 1.5207 - binary_accuracy: 0.8036 "
"1","22/38 [================>.............] - ETA: 8s - loss: 1.5054 - binary_accuracy: 0.8062"
"1","23/38 [=================>............] - ETA: 8s - loss: 1.4934 - binary_accuracy: 0.8071"
"1","24/38 [=================>............] - ETA: 7s - loss: 1.4921 - binary_accuracy: 0.8070"
"1","25/38 [==================>...........] - ETA: 7s - loss: 1.4877 - binary_accuracy: 0.8072"
"1","26/38 [===================>..........] - ETA: 6s - loss: 1.4799 - binary_accuracy: 0.8079"
"1","27/38 [====================>.........] - ETA: 6s - loss: 1.4737 - binary_accuracy: 0.8088"
"1","28/38 [=====================>........] - ETA: 5s - loss: 1.4658 - binary_accuracy: 0.8087"
"1","29/38 [=====================>........] - ETA: 5s - loss: 1.4603 - binary_accuracy: 0.8091"
"1","30/38 [======================>.......] - ETA: 4s - loss: 1.4532 - binary_accuracy: 0.8098"
"1","31/38 [=======================>......] - ETA: 3s - loss: 1.4392 - binary_accuracy: 0.8117"
"1","32/38 [========================>.....] - ETA: 3s - loss: 1.4369 - binary_accuracy: 0.8111"
"1","33/38 [=========================>....] - ETA: 2s - loss: 1.4307 - binary_accuracy: 0.8121"
"1","34/38 [=========================>....] - ETA: 2s - loss: 1.4284 - binary_accuracy: 0.8123"
"1","35/38 [==========================>...] - ETA: 1s - loss: 1.4219 - binary_accuracy: 0.8127"
"1","36/38 [===========================>..] - ETA: 1s - loss: 1.4208 - binary_accuracy: 0.8122"
"1","37/38 [============================>.] - ETA: 0s - loss: 1.4263 - binary_accuracy: 0.8110"
"1","38/38 [==============================] - ETA: 0s - loss: 1.4251 - binary_accuracy: 0.8107"
"1","38/38 [==============================] - 27s 632ms/step - loss: 1.4251 - binary_accuracy: 0.8107 - val_loss: 1.2240 - val_binary_accuracy: 0.8304
"
"1","Epoch 2/10
"
"1"," 1/38 [..............................] - ETA: 19s - loss: 1.1656 - binary_accuracy: 0.8562"
"1"," 2/38 [>.............................] - ETA: 21s - loss: 1.3613 - binary_accuracy: 0.8250"
"1"," 3/38 [=>............................] - ETA: 20s - loss: 1.3708 - binary_accuracy: 0.8229"
"1"," 4/38 [==>...........................] - ETA: 19s - loss: 1.3090 - binary_accuracy: 0.8250"
"1"," 5/38 [==>...........................] - ETA: 18s - loss: 1.2882 - binary_accuracy: 0.8262"
"1"," 6/38 [===>..........................] - ETA: 17s - loss: 1.2746 - binary_accuracy: 0.8281"
"1"," 7/38 [====>.........................] - ETA: 16s - loss: 1.2626 - binary_accuracy: 0.8277"
"1"," 8/38 [=====>........................] - ETA: 16s - loss: 1.2556 - binary_accuracy: 0.8258"
"1"," 9/38 [======>.......................] - ETA: 15s - loss: 1.2512 - binary_accuracy: 0.8292"
"1","10/38 [======>.......................] - ETA: 15s - loss: 1.2613 - binary_accuracy: 0.8300"
"1","11/38 [=======>......................] - ETA: 14s - loss: 1.2717 - binary_accuracy: 0.8290"
"1","12/38 [========>.....................] - ETA: 14s - loss: 1.2781 - binary_accuracy: 0.8286"
"1","13/38 [=========>....................] - ETA: 13s - loss: 1.2750 - binary_accuracy: 0.8298"
"1","14/38 [==========>...................] - ETA: 13s - loss: 1.2726 - binary_accuracy: 0.8308"
"1","15/38 [==========>...................] - ETA: 12s - loss: 1.2846 - binary_accuracy: 0.8292"
"1","16/38 [===========>..................] - ETA: 12s - loss: 1.2853 - binary_accuracy: 0.8281"
"1","17/38 [============>.................] - ETA: 11s - loss: 1.2807 - binary_accuracy: 0.8298"
"1","18/38 [=============>................] - ETA: 10s - loss: 1.2777 - binary_accuracy: 0.8295"
"1","19/38 [==============>...............] - ETA: 10s - loss: 1.2699 - binary_accuracy: 0.8299"
"1","20/38 [==============>...............] - ETA: 9s - loss: 1.2582 - binary_accuracy: 0.8319 "
"1","21/38 [===============>..............] - ETA: 9s - loss: 1.2491 - binary_accuracy: 0.8327"
"1","22/38 [================>.............] - ETA: 8s - loss: 1.2524 - binary_accuracy: 0.8327"
"1","23/38 [=================>............] - ETA: 8s - loss: 1.2423 - binary_accuracy: 0.8340"
"1","24/38 [=================>............] - ETA: 7s - loss: 1.2415 - binary_accuracy: 0.8341"
"1","25/38 [==================>...........] - ETA: 7s - loss: 1.2378 - binary_accuracy: 0.8335"
"1","26/38 [===================>..........] - ETA: 6s - loss: 1.2294 - binary_accuracy: 0.8341"
"1","27/38 [====================>.........] - ETA: 6s - loss: 1.2255 - binary_accuracy: 0.8340"
"1","28/38 [=====================>........] - ETA: 5s - loss: 1.2183 - binary_accuracy: 0.8353"
"1","29/38 [=====================>........] - ETA: 4s - loss: 1.2101 - binary_accuracy: 0.8360"
"1","30/38 [======================>.......] - ETA: 4s - loss: 1.2121 - binary_accuracy: 0.8360"
"1","31/38 [=======================>......] - ETA: 3s - loss: 1.2036 - binary_accuracy: 0.8375"
"1","32/38 [========================>.....] - ETA: 3s - loss: 1.1970 - binary_accuracy: 0.8381"
"1","33/38 [=========================>....] - ETA: 2s - loss: 1.1863 - binary_accuracy: 0.8398"
"1","34/38 [=========================>....] - ETA: 2s - loss: 1.1752 - binary_accuracy: 0.8412"
"1","35/38 [==========================>...] - ETA: 1s - loss: 1.1690 - binary_accuracy: 0.8423"
"1","36/38 [===========================>..] - ETA: 1s - loss: 1.1658 - binary_accuracy: 0.8429"
"1","37/38 [============================>.] - ETA: 0s - loss: 1.1605 - binary_accuracy: 0.8432"
"1","38/38 [==============================] - ETA: 0s - loss: 1.1566 - binary_accuracy: 0.8441"
"1","38/38 [==============================] - 22s 589ms/step - loss: 1.1566 - binary_accuracy: 0.8441 - val_loss: 0.9955 - val_binary_accuracy: 0.8673
"
"1","Epoch 3/10
"
"1"," 1/38 [..............................] - ETA: 23s - loss: 0.7349 - binary_accuracy: 0.8937"
"1"," 2/38 [>.............................] - ETA: 24s - loss: 0.9534 - binary_accuracy: 0.8594"
"1"," 3/38 [=>............................] - ETA: 22s - loss: 0.9016 - binary_accuracy: 0.8646"
"1"," 4/38 [==>...........................] - ETA: 20s - loss: 0.9797 - binary_accuracy: 0.8547"
"1"," 5/38 [==>...........................] - ETA: 19s - loss: 0.9369 - binary_accuracy: 0.8663"
"1"," 6/38 [===>..........................] - ETA: 18s - loss: 0.9350 - binary_accuracy: 0.8688"
"1"," 7/38 [====>.........................] - ETA: 17s - loss: 0.9571 - binary_accuracy: 0.8679"
"1"," 8/38 [=====>........................] - ETA: 16s - loss: 0.9960 - binary_accuracy: 0.8664"
"1"," 9/38 [======>.......................] - ETA: 16s - loss: 0.9652 - binary_accuracy: 0.8708"
"1","10/38 [======>.......................] - ETA: 15s - loss: 0.9856 - binary_accuracy: 0.8694"
"1","11/38 [=======>......................] - ETA: 14s - loss: 0.9634 - binary_accuracy: 0.8716"
"1","12/38 [========>.....................] - ETA: 14s - loss: 0.9552 - binary_accuracy: 0.8724"
"1","13/38 [=========>....................] - ETA: 13s - loss: 0.9437 - binary_accuracy: 0.8731"
"1","14/38 [==========>...................] - ETA: 13s - loss: 0.9388 - binary_accuracy: 0.8737"
"1","15/38 [==========>...................] - ETA: 12s - loss: 0.9413 - binary_accuracy: 0.8733"
"1","16/38 [===========>..................] - ETA: 11s - loss: 0.9443 - binary_accuracy: 0.8738"
"1","17/38 [============>.................] - ETA: 11s - loss: 0.9321 - binary_accuracy: 0.8757"
"1","18/38 [=============>................] - ETA: 10s - loss: 0.9267 - binary_accuracy: 0.8764"
"1","19/38 [==============>...............] - ETA: 10s - loss: 0.9316 - binary_accuracy: 0.8757"
"1","20/38 [==============>...............] - ETA: 9s - loss: 0.9298 - binary_accuracy: 0.8756 "
"1","21/38 [===============>..............] - ETA: 9s - loss: 0.9296 - binary_accuracy: 0.8753"
"1","22/38 [================>.............] - ETA: 8s - loss: 0.9299 - binary_accuracy: 0.8753"
"1","23/38 [=================>............] - ETA: 8s - loss: 0.9293 - binary_accuracy: 0.8755"
"1","24/38 [=================>............] - ETA: 7s - loss: 0.9361 - binary_accuracy: 0.8747"
"1","25/38 [==================>...........] - ETA: 6s - loss: 0.9319 - binary_accuracy: 0.8745"
"1","26/38 [===================>..........] - ETA: 6s - loss: 0.9274 - binary_accuracy: 0.8750"
"1","27/38 [====================>.........] - ETA: 5s - loss: 0.9172 - binary_accuracy: 0.8766"
"1","28/38 [=====================>........] - ETA: 5s - loss: 0.9121 - binary_accuracy: 0.8775"
"1","29/38 [=====================>........] - ETA: 4s - loss: 0.9081 - binary_accuracy: 0.8780"
"1","30/38 [======================>.......] - ETA: 4s - loss: 0.9086 - binary_accuracy: 0.8775"
"1","31/38 [=======================>......] - ETA: 3s - loss: 0.9076 - binary_accuracy: 0.8780"
"1","32/38 [========================>.....] - ETA: 3s - loss: 0.9108 - binary_accuracy: 0.8779"
"1","33/38 [=========================>....] - ETA: 2s - loss: 0.9131 - binary_accuracy: 0.8777"
"1","34/38 [=========================>....] - ETA: 2s - loss: 0.9106 - binary_accuracy: 0.8778"
"1","35/38 [==========================>...] - ETA: 1s - loss: 0.9105 - binary_accuracy: 0.8775"
"1","36/38 [===========================>..] - ETA: 1s - loss: 0.9139 - binary_accuracy: 0.8767"
"1","37/38 [============================>.] - ETA: 0s - loss: 0.9185 - binary_accuracy: 0.8760"
"1","38/38 [==============================] - ETA: 0s - loss: 0.9166 - binary_accuracy: 0.8763"
"1","38/38 [==============================] - 22s 572ms/step - loss: 0.9166 - binary_accuracy: 0.8763 - val_loss: 0.9527 - val_binary_accuracy: 0.8696
"
"1","Epoch 4/10
"
"1"," 1/38 [..............................] - ETA: 22s - loss: 0.9389 - binary_accuracy: 0.8750"
"1"," 2/38 [>.............................] - ETA: 20s - loss: 0.8608 - binary_accuracy: 0.8844"
"1"," 3/38 [=>............................] - ETA: 19s - loss: 0.7928 - binary_accuracy: 0.8979"
"1"," 4/38 [==>...........................] - ETA: 19s - loss: 0.7911 - binary_accuracy: 0.8969"
"1"," 5/38 [==>...........................] - ETA: 19s - loss: 0.8249 - binary_accuracy: 0.8912"
"1"," 6/38 [===>..........................] - ETA: 19s - loss: 0.8235 - binary_accuracy: 0.8917"
"1"," 7/38 [====>.........................] - ETA: 19s - loss: 0.8138 - binary_accuracy: 0.8920"
"1"," 8/38 [=====>........................] - ETA: 18s - loss: 0.7957 - binary_accuracy: 0.8953"
"1"," 9/38 [======>.......................] - ETA: 18s - loss: 0.7989 - binary_accuracy: 0.8937"
"1","10/38 [======>.......................] - ETA: 17s - loss: 0.7927 - binary_accuracy: 0.8944"
"1","11/38 [=======>......................] - ETA: 16s - loss: 0.7957 - binary_accuracy: 0.8937"
"1","12/38 [========>.....................] - ETA: 15s - loss: 0.8127 - binary_accuracy: 0.8885"
"1","13/38 [=========>....................] - ETA: 15s - loss: 0.8032 - binary_accuracy: 0.8885"
"1","14/38 [==========>...................] - ETA: 14s - loss: 0.7969 - binary_accuracy: 0.8906"
"1","15/38 [==========>...................] - ETA: 13s - loss: 0.7807 - binary_accuracy: 0.8937"
"1","16/38 [===========>..................] - ETA: 12s - loss: 0.7957 - binary_accuracy: 0.8902"
"1","17/38 [============>.................] - ETA: 12s - loss: 0.7907 - binary_accuracy: 0.8915"
"1","18/38 [=============>................] - ETA: 11s - loss: 0.7810 - binary_accuracy: 0.8924"
"1","19/38 [==============>...............] - ETA: 10s - loss: 0.7759 - binary_accuracy: 0.8938"
"1","20/38 [==============>...............] - ETA: 10s - loss: 0.7924 - binary_accuracy: 0.8913"
"1","21/38 [===============>..............] - ETA: 9s - loss: 0.8005 - binary_accuracy: 0.8905 "
"1","22/38 [================>.............] - ETA: 9s - loss: 0.8035 - binary_accuracy: 0.8903"
"1","23/38 [=================>............] - ETA: 8s - loss: 0.7993 - binary_accuracy: 0.8908"
"1","24/38 [=================>............] - ETA: 7s - loss: 0.8015 - binary_accuracy: 0.8901"
"1","25/38 [==================>...........] - ETA: 7s - loss: 0.8016 - binary_accuracy: 0.8898"
"1","26/38 [===================>..........] - ETA: 6s - loss: 0.7984 - binary_accuracy: 0.8906"
"1","27/38 [====================>.........] - ETA: 6s - loss: 0.7978 - binary_accuracy: 0.8914"
"1","28/38 [=====================>........] - ETA: 5s - loss: 0.8047 - binary_accuracy: 0.8913"
"1","29/38 [=====================>........] - ETA: 5s - loss: 0.8018 - binary_accuracy: 0.8914"
"1","30/38 [======================>.......] - ETA: 4s - loss: 0.7981 - binary_accuracy: 0.8923"
"1","31/38 [=======================>......] - ETA: 3s - loss: 0.7955 - binary_accuracy: 0.8925"
"1","32/38 [========================>.....] - ETA: 3s - loss: 0.7968 - binary_accuracy: 0.8926"
"1","33/38 [=========================>....] - ETA: 2s - loss: 0.7920 - binary_accuracy: 0.8932"
"1","34/38 [=========================>....] - ETA: 2s - loss: 0.7918 - binary_accuracy: 0.8932"
"1","35/38 [==========================>...] - ETA: 1s - loss: 0.7862 - binary_accuracy: 0.8934"
"1","36/38 [===========================>..] - ETA: 1s - loss: 0.7844 - binary_accuracy: 0.8939"
"1","37/38 [============================>.] - ETA: 0s - loss: 0.7842 - binary_accuracy: 0.8939"
"1","38/38 [==============================] - ETA: 0s - loss: 0.7880 - binary_accuracy: 0.8938"
"1","38/38 [==============================] - 22s 591ms/step - loss: 0.7880 - binary_accuracy: 0.8938 - val_loss: 0.8130 - val_binary_accuracy: 0.8996
"
"1","Epoch 5/10
"
"1"," 1/38 [..............................] - ETA: 22s - loss: 0.6233 - binary_accuracy: 0.9250"
"1"," 2/38 [>.............................] - ETA: 21s - loss: 0.7229 - binary_accuracy: 0.9031"
"1"," 3/38 [=>............................] - ETA: 19s - loss: 0.7137 - binary_accuracy: 0.9042"
"1"," 4/38 [==>...........................] - ETA: 18s - loss: 0.7466 - binary_accuracy: 0.8938"
"1"," 5/38 [==>...........................] - ETA: 17s - loss: 0.7910 - binary_accuracy: 0.8863"
"1"," 6/38 [===>..........................] - ETA: 17s - loss: 0.8124 - binary_accuracy: 0.8844"
"1"," 7/38 [====>.........................] - ETA: 16s - loss: 0.7963 - binary_accuracy: 0.8866"
"1"," 8/38 [=====>........................] - ETA: 16s - loss: 0.8063 - binary_accuracy: 0.8859"
"1"," 9/38 [======>.......................] - ETA: 15s - loss: 0.8264 - binary_accuracy: 0.8826"
"1","10/38 [======>.......................] - ETA: 14s - loss: 0.8268 - binary_accuracy: 0.8837"
"1","11/38 [=======>......................] - ETA: 14s - loss: 0.7972 - binary_accuracy: 0.8892"
"1","12/38 [========>.....................] - ETA: 13s - loss: 0.7967 - binary_accuracy: 0.8885"
"1","13/38 [=========>....................] - ETA: 13s - loss: 0.8030 - binary_accuracy: 0.8875"
"1","14/38 [==========>...................] - ETA: 12s - loss: 0.7832 - binary_accuracy: 0.8893"
"1","15/38 [==========>...................] - ETA: 12s - loss: 0.7634 - binary_accuracy: 0.8925"
"1","16/38 [===========>..................] - ETA: 11s - loss: 0.7572 - binary_accuracy: 0.8934"
"1","17/38 [============>.................] - ETA: 11s - loss: 0.7539 - binary_accuracy: 0.8949"
"1","18/38 [=============>................] - ETA: 10s - loss: 0.7660 - binary_accuracy: 0.8934"
"1","19/38 [==============>...............] - ETA: 10s - loss: 0.7789 - binary_accuracy: 0.8918"
"1","20/38 [==============>...............] - ETA: 9s - loss: 0.7689 - binary_accuracy: 0.8934 "
"1","21/38 [===============>..............] - ETA: 9s - loss: 0.7610 - binary_accuracy: 0.8949"
"1","22/38 [================>.............] - ETA: 8s - loss: 0.7598 - binary_accuracy: 0.8946"
"1","23/38 [=================>............] - ETA: 8s - loss: 0.7532 - binary_accuracy: 0.8962"
"1","24/38 [=================>............] - ETA: 7s - loss: 0.7403 - binary_accuracy: 0.8977"
"1","25/38 [==================>...........] - ETA: 7s - loss: 0.7351 - binary_accuracy: 0.8987"
"1","26/38 [===================>..........] - ETA: 6s - loss: 0.7300 - binary_accuracy: 0.8993"
"1","27/38 [====================>.........] - ETA: 6s - loss: 0.7243 - binary_accuracy: 0.8998"
"1","28/38 [=====================>........] - ETA: 5s - loss: 0.7233 - binary_accuracy: 0.9000"
"1","29/38 [=====================>........] - ETA: 4s - loss: 0.7238 - binary_accuracy: 0.8994"
"1","30/38 [======================>.......] - ETA: 4s - loss: 0.7172 - binary_accuracy: 0.8998"
"1","31/38 [=======================>......] - ETA: 3s - loss: 0.7146 - binary_accuracy: 0.8994"
"1","32/38 [========================>.....] - ETA: 3s - loss: 0.7112 - binary_accuracy: 0.8996"
"1","33/38 [=========================>....] - ETA: 2s - loss: 0.7129 - binary_accuracy: 0.8998"
"1","34/38 [=========================>....] - ETA: 2s - loss: 0.7147 - binary_accuracy: 0.8998"
"1","35/38 [==========================>...] - ETA: 1s - loss: 0.7057 - binary_accuracy: 0.9011"
"1","36/38 [===========================>..] - ETA: 1s - loss: 0.7044 - binary_accuracy: 0.9007"
"1","37/38 [============================>.] - ETA: 0s - loss: 0.7003 - binary_accuracy: 0.9017"
"1","38/38 [==============================] - ETA: 0s - loss: 0.7047 - binary_accuracy: 0.9010"
"1","38/38 [==============================] - 22s 586ms/step - loss: 0.7047 - binary_accuracy: 0.9010 - val_loss: 0.8295 - val_binary_accuracy: 0.8949
"
"1","Epoch 6/10
"
"1"," 1/38 [..............................] - ETA: 22s - loss: 1.1429 - binary_accuracy: 0.8375"
"1"," 2/38 [>.............................] - ETA: 21s - loss: 0.7547 - binary_accuracy: 0.8937"
"1"," 3/38 [=>............................] - ETA: 20s - loss: 0.7201 - binary_accuracy: 0.8958"
"1"," 4/38 [==>...........................] - ETA: 18s - loss: 0.6927 - binary_accuracy: 0.9000"
"1"," 5/38 [==>...........................] - ETA: 18s - loss: 0.6445 - binary_accuracy: 0.9062"
"1"," 6/38 [===>..........................] - ETA: 17s - loss: 0.7031 - binary_accuracy: 0.8979"
"1"," 7/38 [====>.........................] - ETA: 16s - loss: 0.6591 - binary_accuracy: 0.9062"
"1"," 8/38 [=====>........................] - ETA: 16s - loss: 0.6578 - binary_accuracy: 0.9062"
"1"," 9/38 [======>.......................] - ETA: 15s - loss: 0.6539 - binary_accuracy: 0.9062"
"1","10/38 [======>.......................] - ETA: 15s - loss: 0.6481 - binary_accuracy: 0.9069"
"1","11/38 [=======>......................] - ETA: 14s - loss: 0.6505 - binary_accuracy: 0.9074"
"1","12/38 [========>.....................] - ETA: 13s - loss: 0.6458 - binary_accuracy: 0.9078"
"1","13/38 [=========>....................] - ETA: 13s - loss: 0.6512 - binary_accuracy: 0.9067"
"1","14/38 [==========>...................] - ETA: 12s - loss: 0.6484 - binary_accuracy: 0.9063"
"1","15/38 [==========>...................] - ETA: 12s - loss: 0.6543 - binary_accuracy: 0.9050"
"1","16/38 [===========>..................] - ETA: 11s - loss: 0.6545 - binary_accuracy: 0.9051"
"1","17/38 [============>.................] - ETA: 11s - loss: 0.6606 - binary_accuracy: 0.9048"
"1","18/38 [=============>................] - ETA: 10s - loss: 0.6583 - binary_accuracy: 0.9045"
"1","19/38 [==============>...............] - ETA: 10s - loss: 0.6523 - binary_accuracy: 0.9059"
"1","20/38 [==============>...............] - ETA: 9s - loss: 0.6542 - binary_accuracy: 0.9062 "
"1","21/38 [===============>..............] - ETA: 9s - loss: 0.6664 - binary_accuracy: 0.9051"
"1","22/38 [================>.............] - ETA: 8s - loss: 0.6595 - binary_accuracy: 0.9057"
"1","23/38 [=================>............] - ETA: 8s - loss: 0.6581 - binary_accuracy: 0.9054"
"1","24/38 [=================>............] - ETA: 7s - loss: 0.6489 - binary_accuracy: 0.9073"
"1","25/38 [==================>...........] - ETA: 6s - loss: 0.6478 - binary_accuracy: 0.9073"
"1","26/38 [===================>..........] - ETA: 6s - loss: 0.6418 - binary_accuracy: 0.9084"
"1","27/38 [====================>.........] - ETA: 5s - loss: 0.6431 - binary_accuracy: 0.9081"
"1","28/38 [=====================>........] - ETA: 5s - loss: 0.6450 - binary_accuracy: 0.9078"
"1","29/38 [=====================>........] - ETA: 4s - loss: 0.6469 - binary_accuracy: 0.9082"
"1","30/38 [======================>.......] - ETA: 4s - loss: 0.6494 - binary_accuracy: 0.9085"
"1","31/38 [=======================>......] - ETA: 3s - loss: 0.6501 - binary_accuracy: 0.9081"
"1","32/38 [========================>.....] - ETA: 3s - loss: 0.6525 - binary_accuracy: 0.9078"
"1","33/38 [=========================>....] - ETA: 2s - loss: 0.6621 - binary_accuracy: 0.9066"
"1","34/38 [=========================>....] - ETA: 2s - loss: 0.6621 - binary_accuracy: 0.9068"
"1","35/38 [==========================>...] - ETA: 1s - loss: 0.6574 - binary_accuracy: 0.9075"
"1","36/38 [===========================>..] - ETA: 1s - loss: 0.6572 - binary_accuracy: 0.9073"
"1","37/38 [============================>.] - ETA: 0s - loss: 0.6592 - binary_accuracy: 0.9069"
"1","38/38 [==============================] - ETA: 0s - loss: 0.6568 - binary_accuracy: 0.9072"
"1","38/38 [==============================] - 22s 576ms/step - loss: 0.6568 - binary_accuracy: 0.9072 - val_loss: 0.8249 - val_binary_accuracy: 0.8977
"
"1","Epoch 7/10
"
"1"," 1/38 [..............................] - ETA: 24s - loss: 0.6668 - binary_accuracy: 0.9062"
"1"," 2/38 [>.............................] - ETA: 24s - loss: 0.6535 - binary_accuracy: 0.9094"
"1"," 3/38 [=>............................] - ETA: 22s - loss: 0.6149 - binary_accuracy: 0.9146"
"1"," 4/38 [==>...........................] - ETA: 22s - loss: 0.6494 - binary_accuracy: 0.9094"
"1"," 5/38 [==>...........................] - ETA: 22s - loss: 0.6455 - binary_accuracy: 0.9137"
"1"," 6/38 [===>..........................] - ETA: 21s - loss: 0.6319 - binary_accuracy: 0.9135"
"1"," 7/38 [====>.........................] - ETA: 19s - loss: 0.6119 - binary_accuracy: 0.9161"
"1"," 8/38 [=====>........................] - ETA: 19s - loss: 0.6099 - binary_accuracy: 0.9156"
"1"," 9/38 [======>.......................] - ETA: 18s - loss: 0.6054 - binary_accuracy: 0.9160"
"1","10/38 [======>.......................] - ETA: 17s - loss: 0.5806 - binary_accuracy: 0.9187"
"1","11/38 [=======>......................] - ETA: 16s - loss: 0.5738 - binary_accuracy: 0.9187"
"1","12/38 [========>.....................] - ETA: 15s - loss: 0.5734 - binary_accuracy: 0.9193"
"1","13/38 [=========>....................] - ETA: 15s - loss: 0.5827 - binary_accuracy: 0.9178"
"1","14/38 [==========>...................] - ETA: 14s - loss: 0.5812 - binary_accuracy: 0.9179"
"1","15/38 [==========>...................] - ETA: 13s - loss: 0.5769 - binary_accuracy: 0.9183"
"1","16/38 [===========>..................] - ETA: 12s - loss: 0.5781 - binary_accuracy: 0.9180"
"1","17/38 [============>.................] - ETA: 12s - loss: 0.5698 - binary_accuracy: 0.9184"
"1","18/38 [=============>................] - ETA: 11s - loss: 0.5545 - binary_accuracy: 0.9205"
"1","19/38 [==============>...............] - ETA: 11s - loss: 0.5613 - binary_accuracy: 0.9188"
"1","20/38 [==============>...............] - ETA: 10s - loss: 0.5565 - binary_accuracy: 0.9188"
"1","21/38 [===============>..............] - ETA: 9s - loss: 0.5668 - binary_accuracy: 0.9185 "
"1","22/38 [================>.............] - ETA: 9s - loss: 0.5610 - binary_accuracy: 0.9193"
"1","23/38 [=================>............] - ETA: 8s - loss: 0.5742 - binary_accuracy: 0.9188"
"1","24/38 [=================>............] - ETA: 7s - loss: 0.5682 - binary_accuracy: 0.9195"
"1","25/38 [==================>...........] - ETA: 7s - loss: 0.5694 - binary_accuracy: 0.9193"
"1","26/38 [===================>..........] - ETA: 6s - loss: 0.5668 - binary_accuracy: 0.9192"
"1","27/38 [====================>.........] - ETA: 6s - loss: 0.5754 - binary_accuracy: 0.9185"
"1","28/38 [=====================>........] - ETA: 5s - loss: 0.5856 - binary_accuracy: 0.9165"
"1","29/38 [=====================>........] - ETA: 5s - loss: 0.5806 - binary_accuracy: 0.9172"
"1","30/38 [======================>.......] - ETA: 4s - loss: 0.5762 - binary_accuracy: 0.9181"
"1","31/38 [=======================>......] - ETA: 4s - loss: 0.5797 - binary_accuracy: 0.9177"
"1","32/38 [========================>.....] - ETA: 3s - loss: 0.5803 - binary_accuracy: 0.9176"
"1","33/38 [=========================>....] - ETA: 2s - loss: 0.5795 - binary_accuracy: 0.9170"
"1","34/38 [=========================>....] - ETA: 2s - loss: 0.5819 - binary_accuracy: 0.9164"
"1","35/38 [==========================>...] - ETA: 1s - loss: 0.5829 - binary_accuracy: 0.9159"
"1","36/38 [===========================>..] - ETA: 1s - loss: 0.5901 - binary_accuracy: 0.9151"
"1","37/38 [============================>.] - ETA: 0s - loss: 0.5876 - binary_accuracy: 0.9150"
"1","38/38 [==============================] - ETA: 0s - loss: 0.5893 - binary_accuracy: 0.9144"
"1","38/38 [==============================] - 23s 613ms/step - loss: 0.5893 - binary_accuracy: 0.9144 - val_loss: 0.8768 - val_binary_accuracy: 0.8829
"
"1","Epoch 8/10
"
"1"," 1/38 [..............................] - ETA: 25s - loss: 0.3599 - binary_accuracy: 0.9375"
"1"," 2/38 [>.............................] - ETA: 25s - loss: 0.3566 - binary_accuracy: 0.9469"
"1"," 3/38 [=>............................] - ETA: 22s - loss: 0.3985 - binary_accuracy: 0.9417"
"1"," 4/38 [==>...........................] - ETA: 21s - loss: 0.3888 - binary_accuracy: 0.9453"
"1"," 5/38 [==>...........................] - ETA: 20s - loss: 0.4017 - binary_accuracy: 0.9450"
"1"," 6/38 [===>..........................] - ETA: 20s - loss: 0.4248 - binary_accuracy: 0.9396"
"1"," 7/38 [====>.........................] - ETA: 19s - loss: 0.4197 - binary_accuracy: 0.9402"
"1"," 8/38 [=====>........................] - ETA: 18s - loss: 0.4308 - binary_accuracy: 0.9383"
"1"," 9/38 [======>.......................] - ETA: 17s - loss: 0.4480 - binary_accuracy: 0.9354"
"1","10/38 [======>.......................] - ETA: 16s - loss: 0.4419 - binary_accuracy: 0.9356"
"1","11/38 [=======>......................] - ETA: 16s - loss: 0.4399 - binary_accuracy: 0.9335"
"1","12/38 [========>.....................] - ETA: 15s - loss: 0.4600 - binary_accuracy: 0.9302"
"1","13/38 [=========>....................] - ETA: 14s - loss: 0.4676 - binary_accuracy: 0.9293"
"1","14/38 [==========>...................] - ETA: 14s - loss: 0.4697 - binary_accuracy: 0.9295"
"1","15/38 [==========>...................] - ETA: 13s - loss: 0.4714 - binary_accuracy: 0.9283"
"1","16/38 [===========>..................] - ETA: 12s - loss: 0.4708 - binary_accuracy: 0.9289"
"1","17/38 [============>.................] - ETA: 12s - loss: 0.4767 - binary_accuracy: 0.9283"
"1","18/38 [=============>................] - ETA: 11s - loss: 0.4789 - binary_accuracy: 0.9274"
"1","19/38 [==============>...............] - ETA: 11s - loss: 0.4755 - binary_accuracy: 0.9280"
"1","20/38 [==============>...............] - ETA: 10s - loss: 0.4947 - binary_accuracy: 0.9256"
"1","21/38 [===============>..............] - ETA: 9s - loss: 0.4966 - binary_accuracy: 0.9244 "
"1","22/38 [================>.............] - ETA: 9s - loss: 0.5053 - binary_accuracy: 0.9230"
"1","23/38 [=================>............] - ETA: 8s - loss: 0.5052 - binary_accuracy: 0.9234"
"1","24/38 [=================>............] - ETA: 8s - loss: 0.5091 - binary_accuracy: 0.9224"
"1","25/38 [==================>...........] - ETA: 7s - loss: 0.5166 - binary_accuracy: 0.9220"
"1","26/38 [===================>..........] - ETA: 6s - loss: 0.5113 - binary_accuracy: 0.9231"
"1","27/38 [====================>.........] - ETA: 6s - loss: 0.5100 - binary_accuracy: 0.9234"
"1","28/38 [=====================>........] - ETA: 5s - loss: 0.5066 - binary_accuracy: 0.9246"
"1","29/38 [=====================>........] - ETA: 5s - loss: 0.5139 - binary_accuracy: 0.9233"
"1","30/38 [======================>.......] - ETA: 4s - loss: 0.5235 - binary_accuracy: 0.9219"
"1","31/38 [=======================>......] - ETA: 3s - loss: 0.5323 - binary_accuracy: 0.9206"
"1","32/38 [========================>.....] - ETA: 3s - loss: 0.5317 - binary_accuracy: 0.9209"
"1","33/38 [=========================>....] - ETA: 2s - loss: 0.5340 - binary_accuracy: 0.9205"
"1","34/38 [=========================>....] - ETA: 2s - loss: 0.5381 - binary_accuracy: 0.9200"
"1","35/38 [==========================>...] - ETA: 1s - loss: 0.5446 - binary_accuracy: 0.9189"
"1","36/38 [===========================>..] - ETA: 1s - loss: 0.5507 - binary_accuracy: 0.9182"
"1","37/38 [============================>.] - ETA: 0s - loss: 0.5469 - binary_accuracy: 0.9186"
"1","38/38 [==============================] - ETA: 0s - loss: 0.5488 - binary_accuracy: 0.9184"
"1","38/38 [==============================] - 23s 606ms/step - loss: 0.5488 - binary_accuracy: 0.9184 - val_loss: 0.9110 - val_binary_accuracy: 0.8724
"
"1","Epoch 9/10
"
"1"," 1/38 [..............................] - ETA: 23s - loss: 0.6000 - binary_accuracy: 0.9062"
"1"," 2/38 [>.............................] - ETA: 21s - loss: 0.6410 - binary_accuracy: 0.9031"
"1"," 3/38 [=>............................] - ETA: 21s - loss: 0.6055 - binary_accuracy: 0.9125"
"1"," 4/38 [==>...........................] - ETA: 20s - loss: 0.6706 - binary_accuracy: 0.9047"
"1"," 5/38 [==>...........................] - ETA: 19s - loss: 0.6872 - binary_accuracy: 0.9038"
"1"," 6/38 [===>..........................] - ETA: 18s - loss: 0.7194 - binary_accuracy: 0.9000"
"1"," 7/38 [====>.........................] - ETA: 18s - loss: 0.7365 - binary_accuracy: 0.9000"
"1"," 8/38 [=====>........................] - ETA: 17s - loss: 0.7187 - binary_accuracy: 0.9008"
"1"," 9/38 [======>.......................] - ETA: 17s - loss: 0.7285 - binary_accuracy: 0.8965"
"1","10/38 [======>.......................] - ETA: 16s - loss: 0.7136 - binary_accuracy: 0.8994"
"1","11/38 [=======>......................] - ETA: 16s - loss: 0.7037 - binary_accuracy: 0.9011"
"1","12/38 [========>.....................] - ETA: 15s - loss: 0.6848 - binary_accuracy: 0.9047"
"1","13/38 [=========>....................] - ETA: 15s - loss: 0.6866 - binary_accuracy: 0.9034"
"1","14/38 [==========>...................] - ETA: 14s - loss: 0.6743 - binary_accuracy: 0.9054"
"1","15/38 [==========>...................] - ETA: 13s - loss: 0.6655 - binary_accuracy: 0.9075"
"1","16/38 [===========>..................] - ETA: 13s - loss: 0.6586 - binary_accuracy: 0.9062"
"1","17/38 [============>.................] - ETA: 12s - loss: 0.6441 - binary_accuracy: 0.9081"
"1","18/38 [=============>................] - ETA: 11s - loss: 0.6453 - binary_accuracy: 0.9087"
"1","19/38 [==============>...............] - ETA: 11s - loss: 0.6365 - binary_accuracy: 0.9092"
"1","20/38 [==============>...............] - ETA: 10s - loss: 0.6412 - binary_accuracy: 0.9091"
"1","21/38 [===============>..............] - ETA: 10s - loss: 0.6285 - binary_accuracy: 0.9110"
"1","22/38 [================>.............] - ETA: 9s - loss: 0.6202 - binary_accuracy: 0.9122 "
"1","23/38 [=================>............] - ETA: 8s - loss: 0.6273 - binary_accuracy: 0.9114"
"1","24/38 [=================>............] - ETA: 8s - loss: 0.6229 - binary_accuracy: 0.9120"
"1","25/38 [==================>...........] - ETA: 7s - loss: 0.6148 - binary_accuracy: 0.9125"
"1","26/38 [===================>..........] - ETA: 6s - loss: 0.6144 - binary_accuracy: 0.9127"
"1","27/38 [====================>.........] - ETA: 6s - loss: 0.6219 - binary_accuracy: 0.9113"
"1","28/38 [=====================>........] - ETA: 5s - loss: 0.6194 - binary_accuracy: 0.9112"
"1","29/38 [=====================>........] - ETA: 5s - loss: 0.6228 - binary_accuracy: 0.9108"
"1","30/38 [======================>.......] - ETA: 4s - loss: 0.6180 - binary_accuracy: 0.9112"
"1","31/38 [=======================>......] - ETA: 4s - loss: 0.6130 - binary_accuracy: 0.9121"
"1","32/38 [========================>.....] - ETA: 3s - loss: 0.6074 - binary_accuracy: 0.9127"
"1","33/38 [=========================>....] - ETA: 2s - loss: 0.6050 - binary_accuracy: 0.9129"
"1","34/38 [=========================>....] - ETA: 2s - loss: 0.6029 - binary_accuracy: 0.9131"
"1","35/38 [==========================>...] - ETA: 1s - loss: 0.5945 - binary_accuracy: 0.9139"
"1","36/38 [===========================>..] - ETA: 1s - loss: 0.5933 - binary_accuracy: 0.9139"
"1","37/38 [============================>.] - ETA: 0s - loss: 0.5895 - binary_accuracy: 0.9142"
"1","38/38 [==============================] - ETA: 0s - loss: 0.5877 - binary_accuracy: 0.9142"
"1","38/38 [==============================] - 24s 621ms/step - loss: 0.5877 - binary_accuracy: 0.9142 - val_loss: 0.8621 - val_binary_accuracy: 0.8883
"
"1","Epoch 10/10
"
"1"," 1/38 [..............................] - ETA: 24s - loss: 0.2977 - binary_accuracy: 0.9500"
"1"," 2/38 [>.............................] - ETA: 26s - loss: 0.4755 - binary_accuracy: 0.9219"
"1"," 3/38 [=>............................] - ETA: 23s - loss: 0.4465 - binary_accuracy: 0.9292"
"1"," 4/38 [==>...........................] - ETA: 21s - loss: 0.4099 - binary_accuracy: 0.9391"
"1"," 5/38 [==>...........................] - ETA: 20s - loss: 0.4509 - binary_accuracy: 0.9312"
"1"," 6/38 [===>..........................] - ETA: 19s - loss: 0.4490 - binary_accuracy: 0.9313"
"1"," 7/38 [====>.........................] - ETA: 18s - loss: 0.4827 - binary_accuracy: 0.9241"
"1"," 8/38 [=====>........................] - ETA: 17s - loss: 0.4604 - binary_accuracy: 0.9273"
"1"," 9/38 [======>.......................] - ETA: 16s - loss: 0.4694 - binary_accuracy: 0.9264"
"1","10/38 [======>.......................] - ETA: 16s - loss: 0.4933 - binary_accuracy: 0.9237"
"1","11/38 [=======>......................] - ETA: 15s - loss: 0.4899 - binary_accuracy: 0.9250"
"1","12/38 [========>.....................] - ETA: 14s - loss: 0.4819 - binary_accuracy: 0.9266"
"1","13/38 [=========>....................] - ETA: 14s - loss: 0.5096 - binary_accuracy: 0.9240"
"1","14/38 [==========>...................] - ETA: 13s - loss: 0.4957 - binary_accuracy: 0.9254"
"1","15/38 [==========>...................] - ETA: 13s - loss: 0.4912 - binary_accuracy: 0.9258"
"1","16/38 [===========>..................] - ETA: 12s - loss: 0.4843 - binary_accuracy: 0.9270"
"1","17/38 [============>.................] - ETA: 11s - loss: 0.4791 - binary_accuracy: 0.9279"
"1","18/38 [=============>................] - ETA: 11s - loss: 0.4677 - binary_accuracy: 0.9302"
"1","19/38 [==============>...............] - ETA: 10s - loss: 0.4596 - binary_accuracy: 0.9313"
"1","20/38 [==============>...............] - ETA: 10s - loss: 0.4614 - binary_accuracy: 0.9306"
"1","21/38 [===============>..............] - ETA: 9s - loss: 0.4726 - binary_accuracy: 0.9295 "
"1","22/38 [================>.............] - ETA: 9s - loss: 0.4755 - binary_accuracy: 0.9284"
"1","23/38 [=================>............] - ETA: 8s - loss: 0.4803 - binary_accuracy: 0.9277"
"1","24/38 [=================>............] - ETA: 7s - loss: 0.4825 - binary_accuracy: 0.9271"
"1","25/38 [==================>...........] - ETA: 7s - loss: 0.4776 - binary_accuracy: 0.9283"
"1","26/38 [===================>..........] - ETA: 6s - loss: 0.4776 - binary_accuracy: 0.9279"
"1","27/38 [====================>.........] - ETA: 6s - loss: 0.4770 - binary_accuracy: 0.9280"
"1","28/38 [=====================>........] - ETA: 5s - loss: 0.4874 - binary_accuracy: 0.9268"
"1","29/38 [=====================>........] - ETA: 5s - loss: 0.4871 - binary_accuracy: 0.9272"
"1","30/38 [======================>.......] - ETA: 4s - loss: 0.4826 - binary_accuracy: 0.9279"
"1","31/38 [=======================>......] - ETA: 3s - loss: 0.4858 - binary_accuracy: 0.9270"
"1","32/38 [========================>.....] - ETA: 3s - loss: 0.4800 - binary_accuracy: 0.9277"
"1","33/38 [=========================>....] - ETA: 2s - loss: 0.4872 - binary_accuracy: 0.9263"
"1","34/38 [=========================>....] - ETA: 2s - loss: 0.4855 - binary_accuracy: 0.9267"
"1","35/38 [==========================>...] - ETA: 1s - loss: 0.4857 - binary_accuracy: 0.9264"
"1","36/38 [===========================>..] - ETA: 1s - loss: 0.4953 - binary_accuracy: 0.9253"
"1","37/38 [============================>.] - ETA: 0s - loss: 0.4937 - binary_accuracy: 0.9258"
"1","38/38 [==============================] - ETA: 0s - loss: 0.4938 - binary_accuracy: 0.9259"
"1","38/38 [==============================] - 23s 600ms/step - loss: 0.4938 - binary_accuracy: 0.9259 - val_loss: 0.8675 - val_binary_accuracy: 0.8942
"
